iso_o,iso_d,indcode,tradevalue
BRA,BRA,1,126975.685291
CHN,BRA,1,141.028187
EU,BRA,1,360.9322509765625
IND,BRA,1,269.4206800000001
JPN,BRA,1,3.90747
ROW,BRA,1,2305.954345703125
USA,BRA,1,200.450363
BRA,CHN,1,19886.870394
CHN,CHN,1,1673100.761074001
EU,CHN,1,2218.1083984375
IND,CHN,1,539.629339
JPN,CHN,1,174.733288
ROW,CHN,1,31257.275390625
USA,CHN,1,15061.26
BRA,EU,1,4995.81103515625
CHN,EU,1,2205.324462890625
EU,EU,1,537693.875
IND,EU,1,843.36181640625
JPN,EU,1,35.915283203125
ROW,EU,1,41714.87890625
USA,EU,1,3460.98974609375
BRA,IND,1,386.4741640000001
CHN,IND,1,76.331718
EU,IND,1,189.7826995849609
IND,IND,1,495028.586843
JPN,IND,1,1.063969
ROW,IND,1,6569.44482421875
USA,IND,1,238.812827
BRA,JPN,1,902.156369
CHN,JPN,1,1715.612058
EU,JPN,1,516.0945434570313
IND,JPN,1,65.187438
JPN,JPN,1,97592.767567
ROW,JPN,1,7739.205078125
USA,JPN,1,4494.949299
BRA,ROW,1,7207.603515625
CHN,ROW,1,10747.79296875
EU,ROW,1,20110.376953125
IND,ROW,1,2820.386474609375
JPN,ROW,1,330.4146423339844
ROW,ROW,1,2014830.75
USA,ROW,1,26667.337890625
BRA,USA,1,1250.354236
CHN,USA,1,1488.085167
EU,USA,1,2812.827392578125
IND,USA,1,1618.687051
JPN,USA,1,40.57901999999999
ROW,USA,1,29901.82421875
USA,USA,1,407333.13711
BRA,BRA,2,7642.126531999999
CHN,BRA,2,145.143327
EU,BRA,2,6.367588043212891
IND,BRA,2,1.03274
JPN,BRA,2,2.340396
ROW,BRA,2,252.4042510986328
USA,BRA,2,63.556877
BRA,CHN,2,23.332901
CHN,CHN,2,186868.933248
EU,CHN,2,47.08120727539063
IND,CHN,2,17.180888
JPN,CHN,2,9.377956999999999
ROW,CHN,2,1463.249145507813
USA,CHN,2,914.8509509999998
BRA,EU,2,10.13192558288574
CHN,EU,2,32.57777786254883
EU,EU,2,15357.48828125
IND,EU,2,23.05194854736328
JPN,EU,2,35.55064010620117
ROW,EU,2,4807.52587890625
USA,EU,2,1186.633544921875
BRA,IND,2,2.196313
CHN,IND,2,4.203863999999999
EU,IND,2,3.34741997718811
IND,IND,2,31650.102095
JPN,IND,2,.6586240000000001
ROW,IND,2,140.849853515625
USA,IND,2,3.125943
BRA,JPN,2,1.968534
CHN,JPN,2,173.871815
EU,JPN,2,13.66604995727539
IND,JPN,2,.64961
JPN,JPN,2,12952.329759
ROW,JPN,2,1258.352905273438
USA,JPN,2,195.734039
BRA,ROW,2,25.89142227172852
CHN,ROW,2,258.1358947753906
EU,ROW,2,353.5541076660156
IND,ROW,2,86.78228759765625
JPN,ROW,2,69.45365905761719
ROW,ROW,2,205667.5
USA,ROW,2,1295.502075195313
BRA,USA,2,131.187978
CHN,USA,2,448.709168
EU,USA,2,1429.90869140625
IND,USA,2,460.748724
JPN,USA,2,381.612318
ROW,USA,2,12240.0712890625
USA,USA,2,1831.955109
BRA,BRA,3,29727.08308000001
CHN,BRA,3,49.523486
EU,BRA,3,30.09287071228027
IND,BRA,3,.01
JPN,BRA,3,.013325
ROW,BRA,3,6516.31298828125
USA,BRA,3,1382.781584
BRA,CHN,3,7344.975558
CHN,CHN,3,541508.0273849998
EU,CHN,3,2857.1923828125
IND,CHN,3,.01
JPN,CHN,3,.6340650000000001
ROW,CHN,3,173037.078125
USA,CHN,3,6231.858320999998
BRA,EU,3,1723.406860351563
CHN,EU,3,3748.467041015625
EU,EU,3,57636.07421875
IND,EU,3,.3084329962730408
JPN,EU,3,.5847240090370178
ROW,EU,3,266817.8125
USA,EU,3,10209.3984375
BRA,IND,3,1518.145435
CHN,IND,3,202.42797
EU,IND,3,122.1906204223633
IND,IND,3,55750.27251
JPN,IND,3,.047876
ROW,IND,3,109240.328125
USA,IND,3,2090.511545000001
BRA,JPN,3,.7917930000000001
CHN,JPN,3,569.65669
EU,JPN,3,74.30888366699219
IND,JPN,3,.01
JPN,JPN,3,1147.652812
ROW,JPN,3,114403.453125
USA,JPN,3,2379.374864000001
BRA,ROW,3,2887.166748046875
CHN,ROW,3,3085.69677734375
EU,ROW,3,13083.7685546875
IND,ROW,3,146.3250579833984
JPN,ROW,3,7.241139888763428
ROW,ROW,3,1104089.5
USA,ROW,3,30071.267578125
BRA,USA,3,3703.638213
CHN,USA,3,590.7220349999998
EU,USA,3,758.151611328125
IND,USA,3,23.37652700000001
JPN,USA,3,.3349959999999999
ROW,USA,3,143733.359375
USA,USA,3,273901.8002410001
BRA,BRA,4,10356.741616
CHN,BRA,4,11.011006
EU,BRA,4,55.68980407714844
IND,BRA,4,.3846179999999999
JPN,BRA,4,.156003
ROW,BRA,4,1561.632568359375
USA,BRA,4,51.50353199999998
BRA,CHN,4,11216.863856
CHN,CHN,4,277310.4999170001
EU,CHN,4,2421.211669921875
IND,CHN,4,799.0752830000001
JPN,CHN,4,97.04516599999997
ROW,CHN,4,106776.703125
USA,CHN,4,2226.820722
BRA,EU,4,2760.49755859375
CHN,EU,4,327.1458129882813
EU,EU,4,42049.859375
IND,EU,4,92.76953125
JPN,EU,4,11.22952365875244
ROW,EU,4,22598.11328125
USA,EU,4,1213.835693359375
BRA,IND,4,387.6216640000001
CHN,IND,4,55.079252
EU,IND,4,99.40872955322266
IND,IND,4,23854.219282
JPN,IND,4,.4046480000000001
ROW,IND,4,9305.0859375
USA,IND,4,41.571242
BRA,JPN,4,1643.734135
CHN,JPN,4,422.078247
EU,JPN,4,191.107666015625
IND,JPN,4,69.92355500000001
JPN,JPN,4,3850.224095
ROW,JPN,4,16697.150390625
USA,JPN,4,826.992934
BRA,ROW,4,3004.892578125
CHN,ROW,4,2782.48681640625
EU,ROW,4,4892.68701171875
IND,ROW,4,467.1308288574219
JPN,ROW,4,255.5632781982422
ROW,ROW,4,351148.46875
USA,ROW,4,7140.2529296875
BRA,USA,4,373.0748520000001
CHN,USA,4,166.336557
EU,USA,4,696.3472290039063
IND,USA,4,18.358154
JPN,USA,4,8.163637
ROW,USA,4,6004.28564453125
USA,USA,4,58269.92174200001
BRA,BRA,5,2681.180552999999
CHN,BRA,5,.214767
EU,BRA,5,92.68319702148438
IND,BRA,5,.281184
JPN,BRA,5,.5092530000000001
ROW,BRA,5,44.29974365234375
USA,BRA,5,14.352322
BRA,CHN,5,.581375
CHN,CHN,5,25393.654982
EU,CHN,5,69.43054962158203
IND,CHN,5,4.610021
JPN,CHN,5,6.656939000000001
ROW,CHN,5,174.6336822509766
USA,CHN,5,60.40202999999999
BRA,EU,5,32.67423629760742
CHN,EU,5,129.8682861328125
EU,EU,5,10752.7880859375
IND,EU,5,80.34815979003906
JPN,EU,5,91.09833526611328
ROW,EU,5,2218.96923828125
USA,EU,5,944.1536254882813
BRA,IND,5,.310043
CHN,IND,5,7.195467999999998
EU,IND,5,37.57183837890625
IND,IND,5,16813.111967
JPN,IND,5,2.133521
ROW,IND,5,134.0207977294922
USA,IND,5,26.89578600000001
BRA,JPN,5,.5735640000000002
CHN,JPN,5,17.641208
EU,JPN,5,53.17300415039063
IND,JPN,5,2.699563
JPN,JPN,5,1278.553263
ROW,JPN,5,160.6206207275391
USA,JPN,5,75.05706799999999
BRA,ROW,5,16.91797065734863
CHN,ROW,5,222.2271270751953
EU,ROW,5,2062.046875
IND,ROW,5,122.4497146606445
JPN,ROW,5,145.6990203857422
ROW,ROW,5,179608.625
USA,ROW,5,1101.652709960938
BRA,USA,5,11.742245
CHN,USA,5,58.66754899999999
EU,USA,5,415.7765197753906
IND,USA,5,31.643023
JPN,USA,5,33.363948
ROW,USA,5,626.5797729492188
USA,USA,5,83736.86486800002
BRA,BRA,6,193004.494989
CHN,BRA,6,725.0474060000001
EU,BRA,6,2485.935302734375
IND,BRA,6,316.707892
JPN,BRA,6,22.73801
ROW,BRA,6,5135.5634765625
USA,BRA,6,474.786387
BRA,CHN,6,2952.44618
CHN,CHN,6,1752234.832321
EU,CHN,6,14106.615234375
IND,CHN,6,1344.827476
JPN,CHN,6,1368.416799
ROW,CHN,6,41265.890625
USA,CHN,6,5663.235126
BRA,EU,6,4859.60107421875
CHN,EU,6,8730.948608398438
EU,EU,6,1124446.75
IND,EU,6,5243.12548828125
JPN,EU,6,437.6934814453125
ROW,EU,6,67967.15625
USA,EU,6,5756.00830078125
BRA,IND,6,2162.111269
CHN,IND,6,426.941023
EU,IND,6,1103.897216796875
IND,IND,6,229347.996028
JPN,IND,6,24.277918
ROW,IND,6,18472.94921875
USA,IND,6,424.933304
BRA,JPN,6,1152.470335
CHN,JPN,6,7675.628089999999
EU,JPN,6,6578.8759765625
IND,JPN,6,796.931967
JPN,JPN,6,294611.3713450001
ROW,JPN,6,20300.66015625
USA,JPN,6,4855.785616
BRA,ROW,6,18681.072265625
CHN,ROW,6,29972.12841796875
EU,ROW,6,68973.921875
IND,ROW,6,15584.6572265625
JPN,ROW,6,2947.509033203125
ROW,ROW,6,1915367.375
USA,ROW,6,41148.63671875
BRA,USA,6,1368.995124
CHN,USA,6,7036.910398
EU,USA,6,19282.787109375
IND,USA,6,4301.963192000001
JPN,USA,6,846.807595
ROW,USA,6,50704.96875
USA,USA,6,870837.3897190001
BRA,BRA,7,46375.02316100001
CHN,BRA,7,3517.644035
EU,BRA,7,343.1184692382813
IND,BRA,7,401.467542
JPN,BRA,7,15.529797
ROW,BRA,7,1801.545532226563
USA,BRA,7,188.323554
BRA,CHN,7,728.424571
CHN,CHN,7,1076263.71753
EU,CHN,7,7726.22265625
IND,CHN,7,2733.32869
JPN,CHN,7,1873.303297000001
ROW,CHN,7,24061.322265625
USA,CHN,7,1277.408604
BRA,EU,7,490.6607055664063
CHN,EU,7,50457.7861328125
EU,EU,7,189364.625
IND,EU,7,10459.505859375
JPN,EU,7,421.5142211914063
ROW,EU,7,59991.77734375
USA,EU,7,1517.031616210938
BRA,IND,7,19.822035
CHN,IND,7,5929.756786000001
EU,IND,7,633.3831787109375
IND,IND,7,138849.481496
JPN,IND,7,102.751285
ROW,IND,7,3126.593505859375
USA,IND,7,145.720569
BRA,JPN,7,20.979493
CHN,JPN,7,24420.150244
EU,JPN,7,2848.565185546875
IND,JPN,7,487.4245220000001
JPN,JPN,7,28079.93651
ROW,JPN,7,10300.7529296875
USA,JPN,7,247.532623
BRA,ROW,7,1753.656982421875
CHN,ROW,7,116555.7978515625
EU,ROW,7,29426.07421875
IND,ROW,7,13663.287109375
JPN,ROW,7,2361.909423828125
ROW,ROW,7,561272.375
USA,ROW,7,8647.0927734375
BRA,USA,7,392.105615
CHN,USA,7,62042.73452599999
EU,USA,7,7420.4169921875
IND,USA,7,9125.814913
JPN,USA,7,478.8619460000001
ROW,USA,7,55078.359375
USA,USA,7,56556.392506
BRA,BRA,8,6969.889324000001
CHN,BRA,8,30.244729
EU,BRA,8,49.10070419311523
IND,BRA,8,13.36399
JPN,BRA,8,2.639615
ROW,BRA,8,43.34518432617188
USA,BRA,8,29.142867
BRA,CHN,8,137.49164
CHN,CHN,8,204926.170248
EU,CHN,8,1517.107788085938
IND,CHN,8,131.820839
JPN,CHN,8,180.040091
ROW,CHN,8,7868.60693359375
USA,CHN,8,1602.933135
BRA,EU,8,303.3886108398438
CHN,EU,8,2123.66032409668
EU,EU,8,131956.671875
IND,EU,8,335.2888793945313
JPN,EU,8,45.34677505493164
ROW,EU,8,5953.0078125
USA,EU,8,1118.023315429688
BRA,IND,8,42.63844000000001
CHN,IND,8,186.196811
EU,IND,8,343.5276184082031
IND,IND,8,13118.624923
JPN,IND,8,6.367280999999998
ROW,IND,8,1005.363037109375
USA,IND,8,70.93523600000002
BRA,JPN,8,68.245582
CHN,JPN,8,1080.178651
EU,JPN,8,1154.797973632813
IND,JPN,8,44.434013
JPN,JPN,8,19788.36029300001
ROW,JPN,8,4409.92919921875
USA,JPN,8,274.447299
BRA,ROW,8,584.6077270507813
CHN,ROW,8,4830.181457519531
EU,ROW,8,10693.140625
IND,ROW,8,1570.639038085938
JPN,ROW,8,257.2283935546875
ROW,ROW,8,148142.84375
USA,ROW,8,3119.66943359375
BRA,USA,8,915.363039
CHN,USA,8,3950.297125000001
EU,USA,8,2079.475830078125
IND,USA,8,1253.816411
JPN,USA,8,85.609302
ROW,USA,8,11368.23828125
USA,USA,8,105645.277505
BRA,BRA,9,27652.231338
CHN,BRA,9,84.55288
EU,BRA,9,509.9559631347656
IND,BRA,9,10.595479
JPN,BRA,9,15.741299
ROW,BRA,9,368.655029296875
USA,BRA,9,226.038374
BRA,CHN,9,1839.53404
CHN,CHN,9,412068.7189009999
EU,CHN,9,3069.892578125
IND,CHN,9,55.626907
JPN,CHN,9,1569.348317
ROW,CHN,9,8719.728515625
USA,CHN,9,2272.942814
BRA,EU,9,1433.387817382813
CHN,EU,9,1526.3515625
EU,EU,9,264931.4375
IND,EU,9,224.8382415771484
JPN,EU,9,236.4390258789063
ROW,EU,9,7343.97802734375
USA,EU,9,2699.1875
BRA,IND,9,43.52938100000001
CHN,IND,9,468.490901
EU,IND,9,1287.111450195313
IND,IND,9,31515.45478900001
JPN,IND,9,85.69598599999999
ROW,IND,9,2776.368896484375
USA,IND,9,518.759799
BRA,JPN,9,124.49246
CHN,JPN,9,805.5045649999998
EU,JPN,9,638.4833374023438
IND,JPN,9,13.598343
JPN,JPN,9,102908.276118
ROW,JPN,9,1664.911254882813
USA,JPN,9,966.2403909999999
BRA,ROW,9,2316.1259765625
CHN,ROW,9,6341.958984375
EU,ROW,9,20619.85546875
IND,ROW,9,1106.337524414063
JPN,ROW,9,2358.3388671875
ROW,ROW,9,301628
USA,ROW,9,15485.8916015625
BRA,USA,9,1070.781718
CHN,USA,9,2940.545885
EU,USA,9,4661.4833984375
IND,USA,9,225.902973
JPN,USA,9,476.2017640000001
ROW,USA,9,13105.5849609375
USA,USA,9,242831.3836220001
BRA,BRA,10,112434.092302
CHN,BRA,10,173.863138
EU,BRA,10,2975.646728515625
IND,BRA,10,293.806452
JPN,BRA,10,16.847127
ROW,BRA,10,3783.357177734375
USA,BRA,10,5639.093868000001
BRA,CHN,10,125.55797
CHN,CHN,10,551509.720899
EU,CHN,10,1783.708129882813
IND,CHN,10,1076.792022
JPN,CHN,10,1517.147339
ROW,CHN,10,26874.46484375
USA,CHN,10,3711.546778000001
BRA,EU,10,447.7404479980469
CHN,EU,10,559.8303375244141
EU,EU,10,315300.90625
IND,EU,10,4630.57666015625
JPN,EU,10,512.275390625
ROW,EU,10,56248.28515625
USA,EU,10,7310.80029296875
BRA,IND,10,242.5004040000001
CHN,IND,10,1686.915354
EU,IND,10,1703.700927734375
IND,IND,10,116993.123647
JPN,IND,10,625.3331730000001
ROW,IND,10,13966.2060546875
USA,IND,10,2906.91533
BRA,JPN,10,41.718299
CHN,JPN,10,765.8338560000001
EU,JPN,10,578.2587280273438
IND,JPN,10,2909.435562
JPN,JPN,10,129900.485677
ROW,JPN,10,11673.2626953125
USA,JPN,10,4427.096578000002
BRA,ROW,10,2462.874755859375
CHN,ROW,10,15211.72265625
EU,ROW,10,58744.7421875
IND,ROW,10,30772.13671875
JPN,ROW,10,8554.3779296875
ROW,ROW,10,955241.4375
USA,ROW,10,57530.30859375
BRA,USA,10,1399.999971
CHN,USA,10,586.074924
EU,USA,10,12221.265625
IND,USA,10,3954.963787
JPN,USA,10,735.98248
ROW,USA,10,31681.388671875
USA,USA,10,417206.421649
BRA,BRA,11,94011.49230099999
CHN,BRA,11,3874.441641
EU,BRA,11,5783.30615234375
IND,BRA,11,866.3998859999999
JPN,BRA,11,310.616122
ROW,BRA,11,9102.67578125
USA,BRA,11,4798.578641000001
BRA,CHN,11,360.1471129999999
CHN,CHN,11,1126305.657542
EU,CHN,11,19506.205078125
IND,CHN,11,1666.095062
JPN,CHN,11,13128.76860700001
ROW,CHN,11,81947.7578125
USA,CHN,11,10992.034493
BRA,EU,11,782.087890625
CHN,EU,11,12440.26953125
EU,EU,11,455679.65625
IND,EU,11,3271.334228515625
JPN,EU,11,4627.49755859375
ROW,EU,11,39391.05859375
USA,EU,11,14354.552734375
BRA,IND,11,232.080595
CHN,IND,11,9957.584696999998
EU,IND,11,5095.18212890625
IND,IND,11,98971.34270199997
JPN,IND,11,1244.035827
ROW,IND,11,20002.70703125
USA,IND,11,2794.447135999999
BRA,JPN,11,292.3728459999999
CHN,JPN,11,7334.684908000002
EU,JPN,11,7149.498046875
IND,JPN,11,479.4548509999999
JPN,JPN,11,139005.32927
ROW,JPN,11,10234.3369140625
USA,JPN,11,5343.850196999999
BRA,ROW,11,4889.96630859375
CHN,ROW,11,62564.9482421875
EU,ROW,11,88712.9375
IND,ROW,11,9131.6796875
JPN,ROW,11,20959.65234375
ROW,ROW,11,657108.6875
USA,ROW,11,58558.29296875
BRA,USA,11,1513.623536
CHN,USA,11,11516.417544
EU,USA,11,30710.046875
IND,USA,11,2348.054191
JPN,USA,11,4075.213932
ROW,USA,11,30749.318359375
USA,USA,11,420453.2978870001
BRA,BRA,12,19446.898136
CHN,BRA,12,758.9957910000001
EU,BRA,12,2634.448486328125
IND,BRA,12,303.838211
JPN,BRA,12,91.050924
ROW,BRA,12,1334.679443359375
USA,BRA,12,1194.233557
BRA,CHN,12,31.68178
CHN,CHN,12,326240.630138
EU,CHN,12,12108.8095703125
IND,CHN,12,284.2082429999999
JPN,CHN,12,1369.938061
ROW,CHN,12,4709.47265625
USA,CHN,12,3764.283696
BRA,EU,12,124.9607467651367
CHN,EU,12,4489.3447265625
EU,EU,12,187817.078125
IND,EU,12,1335.429931640625
JPN,EU,12,1256.183471679688
ROW,EU,12,29177.2109375
USA,EU,12,19753.587890625
BRA,IND,12,16.226837
CHN,IND,12,1022.913061
EU,IND,12,705.630615234375
IND,IND,12,43985.79312699999
JPN,IND,12,26.262661
ROW,IND,12,302.5179138183594
USA,IND,12,191.317562
BRA,JPN,12,5.414657999999999
CHN,JPN,12,1161.848729
EU,JPN,12,7111.296875
IND,JPN,12,114.521763
JPN,JPN,12,69046.376984
ROW,JPN,12,3961.2890625
USA,JPN,12,3527.951134
BRA,ROW,12,452.2882080078125
CHN,ROW,12,8878.3896484375
EU,ROW,12,47626.86328125
IND,ROW,12,5359.77001953125
JPN,ROW,12,2287.634765625
ROW,ROW,12,202970.75
USA,ROW,12,16460.158203125
BRA,USA,12,153.32324
CHN,USA,12,7162.749675000001
EU,USA,12,65860.5859375
IND,USA,12,6361.727565
JPN,USA,12,2931.769798
ROW,USA,12,34658.9375
USA,USA,12,243253.344036
BRA,BRA,13,31153.088665
CHN,BRA,13,879.3232499999999
EU,BRA,13,944.930908203125
IND,BRA,13,143.648102
JPN,BRA,13,137.548836
ROW,BRA,13,1662.819458007813
USA,BRA,13,337.515888
BRA,CHN,13,48.86403900000001
CHN,CHN,13,445215.944543
EU,CHN,13,4780.91455078125
IND,CHN,13,175.505623
JPN,CHN,13,4834.041761000002
ROW,CHN,13,7850.20458984375
USA,CHN,13,1625.679995
BRA,EU,13,142.8938446044922
CHN,EU,13,10744.4541015625
EU,EU,13,297619.40625
IND,EU,13,1601.561645507813
JPN,EU,13,1501.618896484375
ROW,EU,13,19552.318359375
USA,EU,13,2923.35546875
BRA,IND,13,103.579821
CHN,IND,13,5583.483504
EU,IND,13,4261.47900390625
IND,IND,13,49537.792154
JPN,IND,13,1171.958595
ROW,IND,13,6440.87548828125
USA,IND,13,1177.706071
BRA,JPN,13,15.764981
CHN,JPN,13,4054.886339
EU,JPN,13,1039.814575195313
IND,JPN,13,61.93739199999999
JPN,JPN,13,100011.18333
ROW,JPN,13,6432.21435546875
USA,JPN,13,567.2096820000002
BRA,ROW,13,1746.652709960938
CHN,ROW,13,28249.1640625
EU,ROW,13,32758.6875
IND,ROW,13,3231.477294921875
JPN,ROW,13,11141.189453125
ROW,ROW,13,329020.5
USA,ROW,13,16985.197265625
BRA,USA,13,370.5870190000001
CHN,USA,13,12972.962817
EU,USA,13,6504.0107421875
IND,USA,13,897.8097560000002
JPN,USA,13,1965.001369
ROW,USA,13,24624.533203125
USA,USA,13,209877.776061
BRA,BRA,14,22357.471284
CHN,BRA,14,487.109165
EU,BRA,14,426.1048583984375
IND,BRA,14,62.93031199999999
JPN,BRA,14,22.71587700000001
ROW,BRA,14,310.5509338378906
USA,BRA,14,85.07307099999999
BRA,CHN,14,25.901114
CHN,CHN,14,861886.9338950003
EU,CHN,14,2755.10205078125
IND,CHN,14,92.81654999999999
JPN,CHN,14,2494.940469
ROW,CHN,14,5405.11962890625
USA,CHN,14,1104.522411
BRA,EU,14,101.7444381713867
CHN,EU,14,6247.522644042969
EU,EU,14,208698.15625
IND,EU,14,609.8753051757813
JPN,EU,14,635.9628295898438
ROW,EU,14,6356.53369140625
USA,EU,14,1539.235473632813
BRA,IND,14,17.112379
CHN,IND,14,1538.116648
EU,IND,14,595.1641235351563
IND,IND,14,67506.64808600002
JPN,IND,14,109.391426
ROW,IND,14,1328.695922851563
USA,IND,14,137.50529
BRA,JPN,14,7.708863
CHN,JPN,14,2516.284444999999
EU,JPN,14,672.867919921875
IND,JPN,14,28.619602
JPN,JPN,14,46951.61306700001
ROW,JPN,14,1320.172607421875
USA,JPN,14,382.7792920000001
BRA,ROW,14,791.2889404296875
CHN,ROW,14,22177.47546386719
EU,ROW,14,16154.7724609375
IND,ROW,14,1785.826782226563
JPN,ROW,14,3010.278076171875
ROW,ROW,14,369799.375
USA,ROW,14,4247.63232421875
BRA,USA,14,833.2324160000002
CHN,USA,14,8834.342480999998
EU,USA,14,5043.8447265625
IND,USA,14,689.0228960000001
JPN,USA,14,840.6221020000002
ROW,USA,14,7304.0625
USA,USA,14,145000.365131
BRA,BRA,15,34341.44147300001
CHN,BRA,15,815.3264909999999
EU,BRA,15,1024.68994140625
IND,BRA,15,143.546359
JPN,BRA,15,157.7524400000001
ROW,BRA,15,3069.39404296875
USA,BRA,15,315.379143
BRA,CHN,15,1360.79097
CHN,CHN,15,1503002.461599
EU,CHN,15,8192.82421875
IND,CHN,15,1255.978255
JPN,CHN,15,10789.83219199999
ROW,CHN,15,57314.078125
USA,CHN,15,8680.851435000001
BRA,EU,15,3026.9384765625
CHN,EU,15,5997.92041015625
EU,EU,15,346096.28125
IND,EU,15,3094.8076171875
JPN,EU,15,1509.970092773438
ROW,EU,15,46735.9765625
USA,EU,15,7329.59619140625
BRA,IND,15,583.4479489999999
CHN,IND,15,5334.736752000001
EU,IND,15,2603.00634765625
IND,IND,15,145572.238875
JPN,IND,15,2637.389599
ROW,IND,15,13756.4892578125
USA,IND,15,1573.195692
BRA,JPN,15,1588.649597000001
CHN,JPN,15,4790.936949000001
EU,JPN,15,2112.43798828125
IND,JPN,15,359.2930679999999
JPN,JPN,15,276288.244414
ROW,JPN,15,24427.5
USA,JPN,15,2078.611122
BRA,ROW,15,7507.93017578125
CHN,ROW,15,58125.13134765625
EU,ROW,15,43555.63671875
IND,ROW,15,12973.2431640625
JPN,ROW,15,36382.78515625
ROW,ROW,15,654210.125
USA,ROW,15,33275.109375
BRA,USA,15,4660.784329999999
CHN,USA,15,3629.263079
EU,USA,15,10402.18359375
IND,USA,15,3014.919632
JPN,USA,15,2669.549578000001
ROW,USA,15,60498.9609375
USA,USA,15,195730.944866
BRA,BRA,16,26232.845877
CHN,BRA,16,962.3981689999997
EU,BRA,16,1127.867919921875
IND,BRA,16,81.33860799999997
JPN,BRA,16,70.912943
ROW,BRA,16,766.1925048828125
USA,BRA,16,225.577287
BRA,CHN,16,92.68921700000001
CHN,CHN,16,608254.600467
EU,CHN,16,12699.267578125
IND,CHN,16,247.9913350000001
JPN,CHN,16,2941.103630999999
ROW,CHN,16,10751.294921875
USA,CHN,16,2778.510448000001
BRA,EU,16,205.6795043945313
CHN,EU,16,17279.73168945313
EU,EU,16,503436.09375
IND,EU,16,1386.695556640625
JPN,EU,16,534.05908203125
ROW,EU,16,18412.5703125
USA,EU,16,3075.322265625
BRA,IND,16,42.48740400000001
CHN,IND,16,2492.777533
EU,IND,16,1842.555541992188
IND,IND,16,47739.94622500001
JPN,IND,16,216.027688
ROW,IND,16,2278.031005859375
USA,IND,16,298.3152340000001
BRA,JPN,16,39.68540599999998
CHN,JPN,16,4427.175864999999
EU,JPN,16,1072.23974609375
IND,JPN,16,97.55008499999998
JPN,JPN,16,95367.74673000001
ROW,JPN,16,3637.32421875
USA,JPN,16,470.715911
BRA,ROW,16,1492.64453125
CHN,ROW,16,54319.69921875
EU,ROW,16,42081.046875
IND,ROW,16,3847.991455078125
JPN,ROW,16,4171.1494140625
ROW,ROW,16,456934.34375
USA,ROW,16,21246.970703125
BRA,USA,16,457.743512
CHN,USA,16,16821.385605
EU,USA,16,8726.158203125
IND,USA,16,1057.515371
JPN,USA,16,876.6506000000001
ROW,USA,16,20986.888671875
USA,USA,16,337165.722683
BRA,BRA,17,25955.042444
CHN,BRA,17,6575.756127
EU,BRA,17,1973.033081054688
IND,BRA,17,141.057141
JPN,BRA,17,568.179367
ROW,BRA,17,7477.15234375
USA,BRA,17,1610.011518
BRA,CHN,17,112.585304
CHN,CHN,17,956606.1554320001
EU,CHN,17,17658.435546875
IND,CHN,17,553.3338200000001
JPN,CHN,17,28269.74269000001
ROW,CHN,17,228535.71875
USA,CHN,17,14564.154588
BRA,EU,17,489.9088439941406
CHN,EU,17,73981.8818359375
EU,EU,17,235869.484375
IND,EU,17,2179.07275390625
JPN,EU,17,10176.111328125
ROW,EU,17,67330.359375
USA,EU,17,21271.685546875
BRA,IND,17,103.860556
CHN,IND,17,18538.158985
EU,IND,17,2844.566650390625
IND,IND,17,26588.563172
JPN,IND,17,935.496132
ROW,IND,17,10653.10546875
USA,IND,17,1575.019396
BRA,JPN,17,10.648259
CHN,JPN,17,19295.804485
EU,JPN,17,3136.395751953125
IND,JPN,17,102.65316
JPN,JPN,17,89931.70410999999
ROW,JPN,17,16845.283203125
USA,JPN,17,4323.505677
BRA,ROW,17,1409.306640625
CHN,ROW,17,238725.859375
EU,ROW,17,59891.41015625
IND,ROW,17,4853.47509765625
JPN,ROW,17,39173.4375
ROW,ROW,17,674480.4375
USA,ROW,17,60714.83203125
BRA,USA,17,267.398984
CHN,USA,17,134585.812892
EU,USA,17,22495.390625
IND,USA,17,1170.403025
JPN,USA,17,12465.618765
ROW,USA,17,131861
USA,USA,17,281110.645047
BRA,BRA,18,20069.387318
CHN,BRA,18,2591.878222999999
EU,BRA,18,1494.0830078125
IND,BRA,18,93.96969399999996
JPN,BRA,18,181.38326
ROW,BRA,18,1040.096313476563
USA,BRA,18,300.313212
BRA,CHN,18,57.325927
CHN,CHN,18,648565.5635999998
EU,CHN,18,12022.4287109375
IND,CHN,18,475.7232439999999
JPN,CHN,18,9835.453637999999
ROW,CHN,18,15278.158203125
USA,CHN,18,2074.077789
BRA,EU,18,221.9987945556641
CHN,EU,18,30597.9609375
EU,EU,18,238025.65625
IND,EU,18,1812.420166015625
JPN,EU,18,3347.555908203125
ROW,EU,18,26255.11328125
USA,EU,18,4085.308837890625
BRA,IND,18,33.283102
CHN,IND,18,10010.748717
EU,IND,18,4771.85302734375
IND,IND,18,46126.60308
JPN,IND,18,1122.19436
ROW,IND,18,4153.27294921875
USA,IND,18,706.2249529999999
BRA,JPN,18,54.42249500000001
CHN,JPN,18,33887.54437999999
EU,JPN,18,5595.57177734375
IND,JPN,18,178.409867
JPN,JPN,18,111946.328199
ROW,JPN,18,17225.59765625
USA,JPN,18,2945.64802
BRA,ROW,18,1426.159301757813
CHN,ROW,18,77341.78515625
EU,ROW,18,52435.3359375
IND,ROW,18,4988.61376953125
JPN,ROW,18,16222.8857421875
ROW,ROW,18,264997.75
USA,ROW,18,18368.10546875
BRA,USA,18,331.020239
CHN,USA,18,34851.168929
EU,USA,18,11885.67578125
IND,USA,18,1177.171641
JPN,USA,18,5435.737292
ROW,USA,18,29140.650390625
USA,USA,18,93629.48100599999
BRA,BRA,19,29518.480979
CHN,BRA,19,2182.849959
EU,BRA,19,4369.9814453125
IND,BRA,19,176.400213
JPN,BRA,19,590.3067040000001
ROW,BRA,19,1521.435180664063
USA,BRA,19,1309.817328
BRA,CHN,19,105.328523
CHN,CHN,19,937628.6757629999
EU,CHN,19,32469.443359375
IND,CHN,19,613.2893909999999
JPN,CHN,19,23661.762942
ROW,CHN,19,25074.60546875
USA,CHN,19,7799.316501999999
BRA,EU,19,596.1546020507813
CHN,EU,19,21139.5869140625
EU,EU,19,504841.59375
IND,EU,19,2649.45263671875
JPN,EU,19,10760.380859375
ROW,EU,19,30088.0859375
USA,EU,19,14081.9404296875
BRA,IND,19,115.78835
CHN,IND,19,13283.026411
EU,IND,19,14482.55078125
IND,IND,19,64114.57690099999
JPN,IND,19,3879.534501000001
ROW,IND,19,8202.9892578125
USA,IND,19,2485.558354
BRA,JPN,19,44.62508999999999
CHN,JPN,19,13038.818672
EU,JPN,19,8331.427734375
IND,JPN,19,233.646686
JPN,JPN,19,214754.969515
ROW,JPN,19,11347.58984375
USA,JPN,19,5906.648332000001
BRA,ROW,19,4693.40478515625
CHN,ROW,19,80026.19921875
EU,ROW,19,145670.078125
IND,ROW,19,8270.7255859375
JPN,ROW,19,47534.32421875
ROW,ROW,19,364099.3125
USA,ROW,19,61411.18359375
BRA,USA,19,1084.494433
CHN,USA,19,24850.386428
EU,USA,19,40324.03515625
IND,USA,19,2123.364401
JPN,USA,19,17489.576362
ROW,USA,19,40934.109375
USA,USA,19,273145.748114
BRA,BRA,20,63602.0743
CHN,BRA,20,669.197354
EU,BRA,20,3153.452392578125
IND,BRA,20,162.679165
JPN,BRA,20,906.1956409999998
ROW,BRA,20,6993.3271484375
USA,BRA,20,646.6401280000001
BRA,CHN,20,143.156373
CHN,CHN,20,1177088.194451
EU,CHN,20,34135.48828125
IND,CHN,20,147.339934
JPN,CHN,20,15101.769817
ROW,CHN,20,7759.8173828125
USA,CHN,20,10618.751244
BRA,EU,20,940.4671630859375
CHN,EU,20,4550.28466796875
EU,EU,20,809376.25
IND,EU,20,2182.67236328125
JPN,EU,20,17173.646484375
ROW,EU,20,46215.05078125
USA,EU,20,9391.2978515625
BRA,IND,20,47.77655899999999
CHN,IND,20,827.939108
EU,IND,20,2520.57421875
IND,IND,20,108079.180671
JPN,IND,20,887.2834060000001
ROW,IND,20,2008.29248046875
USA,IND,20,375.555327
BRA,JPN,20,66.81940599999999
CHN,JPN,20,3609.456877
EU,JPN,20,11482.2275390625
IND,JPN,20,178.089303
JPN,JPN,20,302622.636454
ROW,JPN,20,7876.03466796875
USA,JPN,20,1658.748722
BRA,ROW,20,12153.921875
CHN,ROW,20,21620.13330078125
EU,ROW,20,127881.8515625
IND,ROW,20,7665.734375
JPN,ROW,20,67038.5546875
ROW,ROW,20,524786.0625
USA,ROW,20,83658.2578125
BRA,USA,20,1233.822538
CHN,USA,20,12012.417405
EU,USA,20,60304.18359375
IND,USA,20,1487.614438
JPN,USA,20,51111.186413
ROW,USA,20,180854.046875
USA,USA,20,554629.5781019999
BRA,BRA,21,6430.947243
CHN,BRA,21,489.865447
EU,BRA,21,1847.168701171875
IND,BRA,21,36.992448
JPN,BRA,21,194.81933
ROW,BRA,21,820.631591796875
USA,BRA,21,1775.477672
BRA,CHN,21,1490.756991
CHN,CHN,21,157315.27027
EU,CHN,21,14806.0908203125
IND,CHN,21,34.733729
JPN,CHN,21,2156.698129
ROW,CHN,21,2826.2802734375
USA,CHN,21,15147.618798
BRA,EU,21,899.9755249023438
CHN,EU,21,7255.228637695313
EU,EU,21,182646.75
IND,EU,21,974.7718505859375
JPN,EU,21,5249.2080078125
ROW,EU,21,26452.189453125
USA,EU,21,32771.546875
BRA,IND,21,4.226023
CHN,IND,21,1750.799447
EU,IND,21,4739.0380859375
IND,IND,21,32116.884614
JPN,IND,21,363.942781
ROW,IND,21,1498.208618164063
USA,IND,21,3338.637015
BRA,JPN,21,386.828116
CHN,JPN,21,1817.571161
EU,JPN,21,3038.784912109375
IND,JPN,21,64.48085300000003
JPN,JPN,21,37267.118679
ROW,JPN,21,2584.2734375
USA,JPN,21,7534.726248000003
BRA,ROW,21,1293.575439453125
CHN,ROW,21,29539.83349609375
EU,ROW,21,51647.66015625
IND,ROW,21,4235.27490234375
JPN,ROW,21,10950.748046875
ROW,ROW,21,198635.125
USA,ROW,21,51722.4609375
BRA,USA,21,2719.889734
CHN,USA,21,2792.804982
EU,USA,21,18992.08984375
IND,USA,21,398.2361170000001
JPN,USA,21,4400.241186
ROW,USA,21,18558.892578125
USA,USA,21,222485.65974
BRA,BRA,22,43083.74217999999
CHN,BRA,22,949.804126
EU,BRA,22,1477.5556640625
IND,BRA,22,121.437161
JPN,BRA,22,119.630616
ROW,BRA,22,906.3387451171875
USA,BRA,22,564.094278
BRA,CHN,22,65.98494700000002
CHN,CHN,22,208728.918372
EU,CHN,22,3983.988525390625
IND,CHN,22,1388.264575
JPN,CHN,22,1118.997695
ROW,CHN,22,5558.1845703125
USA,CHN,22,1281.069191
BRA,EU,22,364.5211486816406
CHN,EU,22,26710.7060546875
EU,EU,22,428839.3125
IND,EU,22,3041.3837890625
JPN,EU,22,2076.762939453125
ROW,EU,22,23668.439453125
USA,EU,22,9874.5732421875
BRA,IND,22,34.70593599999999
CHN,IND,22,4944.876044000001
EU,IND,22,4004.165283203125
IND,IND,22,32455.382198
JPN,IND,22,353.880167
ROW,IND,22,11523.1162109375
USA,IND,22,2476.392736
BRA,JPN,22,55.925099
CHN,JPN,22,8389.390594
EU,JPN,22,4055.87744140625
IND,JPN,22,478.751479
JPN,JPN,22,133910.536906
ROW,JPN,22,6867.86181640625
USA,JPN,22,3201.597166
BRA,ROW,22,721.011474609375
CHN,ROW,22,45618.12890625
EU,ROW,22,43285.203125
IND,ROW,22,16134.759765625
JPN,ROW,22,4988.67529296875
ROW,ROW,22,305076.90625
USA,ROW,22,20135.60546875
BRA,USA,22,387.915046
CHN,USA,22,49533.92360200001
EU,USA,22,22178.578125
IND,USA,22,13105.308694
JPN,USA,22,1601.618666
ROW,USA,22,44150.95703125
USA,USA,22,226647.079215
BRA,BRA,23,91669.85443200001
CHN,BRA,23,.01
EU,BRA,23,68.24203491210938
IND,BRA,23,.01
JPN,BRA,23,.748024
ROW,BRA,23,2143.08544921875
USA,BRA,23,8.784535
BRA,CHN,23,.190588
CHN,CHN,23,847449.9704159997
EU,CHN,23,312.1691589355469
IND,CHN,23,323.1529330000001
JPN,CHN,23,4.876528
ROW,CHN,23,392.658935546875
USA,CHN,23,40.42155999999999
BRA,EU,23,.676160991191864
CHN,EU,23,.01
EU,EU,23,831160.25
IND,EU,23,.01
JPN,EU,23,20.87834358215332
ROW,EU,23,5133.0732421875
USA,EU,23,62.17490768432617
BRA,IND,23,.023969
CHN,IND,23,.01
EU,IND,23,90.28592681884766
IND,IND,23,131282.693148
JPN,IND,23,.8894830000000003
ROW,IND,23,206.0615997314453
USA,IND,23,7.308744000000002
BRA,JPN,23,.03933
CHN,JPN,23,.01
EU,JPN,23,137.3035736083984
IND,JPN,23,.01
JPN,JPN,23,219936.045079
ROW,JPN,23,128.1797027587891
USA,JPN,23,16.819423
BRA,ROW,23,11.94835472106934
CHN,ROW,23,1448.170166015625
EU,ROW,23,4568.35986328125
IND,ROW,23,27.34579658508301
JPN,ROW,23,30.86272621154785
ROW,ROW,23,979431.375
USA,ROW,23,2711.45458984375
BRA,USA,23,.755056
CHN,USA,23,.01
EU,USA,23,537.4517211914063
IND,USA,23,.01
JPN,USA,23,7.647846
ROW,USA,23,2784.619384765625
USA,USA,23,440282.639819
BRA,BRA,24,23545.459825
CHN,BRA,24,.01
EU,BRA,24,48.41895294189453
IND,BRA,24,.01
JPN,BRA,24,.7853279999999999
ROW,BRA,24,11.37376594543457
USA,BRA,24,1.611052
BRA,CHN,24,1.048427
CHN,CHN,24,163689.429463
EU,CHN,24,234.3881225585938
IND,CHN,24,.01
JPN,CHN,24,10.846185
ROW,CHN,24,91.71937561035156
USA,CHN,24,7.185473000000001
BRA,EU,24,4.197611808776856
CHN,EU,24,7.999360084533691
EU,EU,24,348837.0625
IND,EU,24,.01
JPN,EU,24,22.43880653381348
ROW,EU,24,204.9599609375
USA,EU,24,62.2314567565918
BRA,IND,24,.170877
CHN,IND,24,.01
EU,IND,24,56.80547714233398
IND,IND,24,26595.784128
JPN,IND,24,3.992115
ROW,IND,24,26.88390922546387
USA,IND,24,1.573321
BRA,JPN,24,.2591590000000001
CHN,JPN,24,.01
EU,JPN,24,81.42720031738281
IND,JPN,24,.01
JPN,JPN,24,85609.44601900001
ROW,JPN,24,39.02995681762695
USA,JPN,24,7.344292
BRA,ROW,24,3.232834100723267
CHN,ROW,24,.01
EU,ROW,24,1262.0234375
IND,ROW,24,.01
JPN,ROW,24,49.39529800415039
ROW,ROW,24,228373.40625
USA,ROW,24,39.80366516113281
BRA,USA,24,1.781446
CHN,USA,24,.01
EU,USA,24,306.5651245117188
IND,USA,24,.01
JPN,USA,24,19.30065
ROW,USA,24,241.1977386474609
USA,USA,24,113036.062857
BRA,BRA,25,171047.970044
CHN,BRA,25,.01
EU,BRA,25,161.0121917724609
IND,BRA,25,.01
JPN,BRA,25,1.375337
ROW,BRA,25,62.00933837890625
USA,BRA,25,1.70327
BRA,CHN,25,2.039342
CHN,CHN,25,2980329.740617
EU,CHN,25,533.8431396484375
IND,CHN,25,.01
JPN,CHN,25,11.457966
ROW,CHN,25,617.0685424804688
USA,CHN,25,1.750944
BRA,EU,25,19.86771392822266
CHN,EU,25,.01
EU,EU,25,2121064.5
IND,EU,25,.01
JPN,EU,25,40.90630340576172
ROW,EU,25,1958.842163085938
USA,EU,25,23.42259025573731
BRA,IND,25,.433817
CHN,IND,25,.01
EU,IND,25,145.3043823242188
IND,IND,25,505060.245816
JPN,IND,25,2.302306000000001
ROW,IND,25,226.6902008056641
USA,IND,25,.595617
BRA,JPN,25,1.454813
CHN,JPN,25,.01
EU,JPN,25,320.9448852539063
IND,JPN,25,.01
JPN,JPN,25,551657.648406
ROW,JPN,25,427.0303039550781
USA,JPN,25,5.096684
BRA,ROW,25,11.42446804046631
CHN,ROW,25,.01
EU,ROW,25,3468.02197265625
IND,ROW,25,.01
JPN,ROW,25,68.24758148193359
ROW,ROW,25,3189773.5
USA,ROW,25,15.16381168365479
BRA,USA,25,8.270567000000002
CHN,USA,25,.01
EU,USA,25,968.25341796875
IND,USA,25,.01
JPN,USA,25,16.272991
ROW,USA,25,711.7338256835938
USA,USA,25,1568110.17769
BRA,BRA,26,351388.07756
CHN,BRA,26,1665.450422
EU,BRA,26,8123.1845703125
IND,BRA,26,340.0631800000001
JPN,BRA,26,649.3719939999999
ROW,BRA,26,8107.7041015625
USA,BRA,26,6486.187414999999
BRA,CHN,26,4328.820338999999
CHN,CHN,26,1490563.731707
EU,CHN,26,35031.28515625
IND,CHN,26,1494.248881
JPN,CHN,26,21341.50199600001
ROW,CHN,26,81072.8359375
USA,CHN,26,29343.786305
BRA,EU,26,4256.96533203125
CHN,EU,26,20905.859375
EU,EU,26,2885833.5
IND,EU,26,5468.4775390625
JPN,EU,26,10694.060546875
ROW,EU,26,138733.828125
USA,EU,26,52914.734375
BRA,IND,26,1007.770558
CHN,IND,26,4335.569638
EU,IND,26,8472.572265625
IND,IND,26,323771.883993
JPN,IND,26,2370.132068
ROW,IND,26,27927.537109375
USA,IND,26,6608.646540000001
BRA,JPN,26,835.66585
CHN,JPN,26,10551.290742
EU,JPN,26,14048.3076171875
IND,JPN,26,578.1594789999999
JPN,JPN,26,902360.3003149998
ROW,JPN,26,29867.6171875
USA,JPN,26,16751.673208
BRA,ROW,26,14851.861328125
CHN,ROW,26,57025.53515625
EU,ROW,26,181227.8125
IND,ROW,26,13175.0322265625
JPN,ROW,26,46378.40234375
ROW,ROW,26,3645490.5
USA,ROW,26,174765.15625
BRA,USA,26,3434.235453000001
CHN,USA,26,28975.878843
EU,USA,26,59230.20703125
IND,USA,26,5083.434012
JPN,USA,26,14811.47074
ROW,USA,26,123734.6875
USA,USA,26,3126662.605244999
BRA,BRA,27,102156.531283
CHN,BRA,27,611.6789080000001
EU,BRA,27,1542.220581054688
IND,BRA,27,153.664026
JPN,BRA,27,119.461327
ROW,BRA,27,1891.482543945313
USA,BRA,27,1385.618224
BRA,CHN,27,2687.777896
CHN,CHN,27,724087.1443130003
EU,CHN,27,14260.798828125
IND,CHN,27,1211.682493
JPN,CHN,27,8377.644218999998
ROW,CHN,27,36172.8984375
USA,CHN,27,7604.483912
BRA,EU,27,1548.830200195313
CHN,EU,27,10364.263671875
EU,EU,27,643455.75
IND,EU,27,2191.722412109375
JPN,EU,27,2850.787353515625
ROW,EU,27,49264.234375
USA,EU,27,9385.0380859375
BRA,IND,27,282.473067
CHN,IND,27,2024.473077
EU,IND,27,1968.784423828125
IND,IND,27,180743.63756
JPN,IND,27,573.8071229999998
ROW,IND,27,5923.013671875
USA,IND,27,1296.022946
BRA,JPN,27,382.2049660000001
CHN,JPN,27,3360.726754
EU,JPN,27,1998.201904296875
IND,JPN,27,227.7972330000001
JPN,JPN,27,188249.201596
ROW,JPN,27,5436.0146484375
USA,JPN,27,2695.771463
BRA,ROW,27,3892.914306640625
CHN,ROW,27,27764.35546875
EU,ROW,27,63559.14453125
IND,ROW,27,6381.76806640625
JPN,ROW,27,12847.04296875
ROW,ROW,27,956335.9375
USA,ROW,27,28952.171875
BRA,USA,27,1153.912024
CHN,USA,27,9702.743321
EU,USA,27,13673.28125
IND,USA,27,2070.16385
JPN,USA,27,3334.185052
ROW,USA,27,37217.74609375
USA,USA,27,509675.286694
BRA,BRA,28,4482.146425000001
CHN,BRA,28,234.8976120000001
EU,BRA,28,3245.680419921875
IND,BRA,28,23.597215
JPN,BRA,28,103.363366
ROW,BRA,28,2795.517333984375
USA,BRA,28,518.2457929999999
BRA,CHN,28,497.5018739999999
CHN,CHN,28,70021.86274600001
EU,CHN,28,12342.0068359375
IND,CHN,28,136.357342
JPN,CHN,28,3299.175289999999
ROW,CHN,28,25695.255859375
USA,CHN,28,1350.538658
BRA,EU,28,358.3340454101563
CHN,EU,28,3538.954345703125
EU,EU,28,87528.2734375
IND,EU,28,154.8399047851563
JPN,EU,28,1083.345581054688
ROW,EU,28,18968.494140625
USA,EU,28,1577.906860351563
BRA,IND,28,95.234109
CHN,IND,28,1433.112593
EU,IND,28,5060.48046875
IND,IND,28,2406.001835999999
JPN,IND,28,344.880492
ROW,IND,28,8229.970703125
USA,IND,28,312.29682
BRA,JPN,28,38.39537900000001
CHN,JPN,28,1153.768284
EU,JPN,28,1855.341186523438
IND,JPN,28,10.050408
JPN,JPN,28,33890.25482400001
ROW,JPN,28,5166.21826171875
USA,JPN,28,424.043985
BRA,ROW,28,1119.781005859375
CHN,ROW,28,17671.966796875
EU,ROW,28,45711.7421875
IND,ROW,28,769.8960571289063
JPN,ROW,28,7157.93212890625
ROW,ROW,28,214495.625
USA,ROW,28,5502.1923828125
BRA,USA,28,184.694229
CHN,USA,28,1558.979639
EU,USA,28,6400.814453125
IND,USA,28,161.915089
JPN,USA,28,912.9748510000001
ROW,USA,28,8157.75
USA,USA,28,40606.50446500001
BRA,BRA,29,10152.089074
CHN,BRA,29,116.296226
EU,BRA,29,2048.248779296875
IND,BRA,29,96.34829500000001
JPN,BRA,29,37.889687
ROW,BRA,29,1679.2470703125
USA,BRA,29,2848.411374000001
BRA,CHN,29,400.618521
CHN,CHN,29,96787.62530599999
EU,CHN,29,6608.98681640625
IND,CHN,29,729.2259140000001
JPN,CHN,29,1436.191891
ROW,CHN,29,27121.4609375
USA,CHN,29,7636.816506000001
BRA,EU,29,547.3034057617188
CHN,EU,29,3491.989501953125
EU,EU,29,112845.5
IND,EU,29,854.6376342773438
JPN,EU,29,770.8628540039063
ROW,EU,29,31223.306640625
USA,EU,29,13066.322265625
BRA,IND,29,84.83353200000001
CHN,IND,29,810.5519419999999
EU,IND,29,2958.305908203125
IND,IND,29,12125.742342
JPN,IND,29,151.864509
ROW,IND,29,7356.95166015625
USA,IND,29,2099.626202
BRA,JPN,29,23.167725
CHN,JPN,29,491.451498
EU,JPN,29,820.6563720703125
IND,JPN,29,20.654823
JPN,JPN,29,21493.871174
ROW,JPN,29,2805.711669921875
USA,JPN,29,1389.157578
BRA,ROW,29,928.01513671875
CHN,ROW,29,9787.8037109375
EU,ROW,29,36873.11328125
IND,ROW,29,3492.3447265625
JPN,ROW,29,2991.951171875
ROW,ROW,29,252690.96875
USA,ROW,29,28737.8984375
BRA,USA,29,307.790404
CHN,USA,29,1809.525008
EU,USA,29,8731.49609375
IND,USA,29,509.280708
JPN,USA,29,731.30603
ROW,USA,29,18091.671875
USA,USA,29,145337.134392
BRA,BRA,30,26718.546868
CHN,BRA,30,95.56475800000001
EU,BRA,30,1078.065185546875
IND,BRA,30,45.71269600000001
JPN,BRA,30,50.671849
ROW,BRA,30,887.2149658203125
USA,BRA,30,446.1358650000001
BRA,CHN,30,725.582863
CHN,CHN,30,148035.303286
EU,CHN,30,4647.14208984375
IND,CHN,30,274.203066
JPN,CHN,30,2158.168609000001
ROW,CHN,30,11828.837890625
USA,CHN,30,1585.770781
BRA,EU,30,1301.565673828125
CHN,EU,30,2364.127197265625
EU,EU,30,571749.4375
IND,EU,30,924.9360961914063
JPN,EU,30,1132.435424804688
ROW,EU,30,25969.21484375
USA,EU,30,3951.694580078125
BRA,IND,30,122.284327
CHN,IND,30,365.145323
EU,IND,30,1805.94970703125
IND,IND,30,39227.53955200001
JPN,IND,30,273.2296979999999
ROW,IND,30,4301.9794921875
USA,IND,30,394.1512339999999
BRA,JPN,30,88.31150900000003
CHN,JPN,30,533.269857
EU,JPN,30,1193.618041992188
IND,JPN,30,51.51770900000001
JPN,JPN,30,90704.76859100002
ROW,JPN,30,3210.82568359375
USA,JPN,30,710.557816
BRA,ROW,30,1728.331909179688
CHN,ROW,30,5368.60986328125
EU,ROW,30,32803.875
IND,ROW,30,2500.980224609375
JPN,ROW,30,5913.78564453125
ROW,ROW,30,397825.90625
USA,ROW,30,8644.0634765625
BRA,USA,30,457.5797149999999
CHN,USA,30,1506.320601
EU,USA,30,6963.09130859375
IND,USA,30,399.1743609999999
JPN,USA,30,1303.23504
ROW,USA,30,10551.36328125
USA,USA,30,252865.944145
BRA,BRA,31,10441.850088
CHN,BRA,31,.313261
EU,BRA,31,28.74799156188965
IND,BRA,31,.554226
JPN,BRA,31,.811977
ROW,BRA,31,16.40008926391602
USA,BRA,31,23.248892
BRA,CHN,31,.7766390000000001
CHN,CHN,31,92230.43845700001
EU,CHN,31,97.64976501464844
IND,CHN,31,4.862890000000001
JPN,CHN,31,35.952252
ROW,CHN,31,350.1512451171875
USA,CHN,31,49.6612
BRA,EU,31,38.40347671508789
CHN,EU,31,6.851140975952148
EU,EU,31,131774.265625
IND,EU,31,14.80395317077637
JPN,EU,31,122.2622985839844
ROW,EU,31,6561.7685546875
USA,EU,31,5319.0341796875
BRA,IND,31,.114867
CHN,IND,31,1.28216
EU,IND,31,48.09342193603516
IND,IND,31,7454.891368999999
JPN,IND,31,1.225253
ROW,IND,31,94.43133544921875
USA,IND,31,36.804543
BRA,JPN,31,.4396399999999999
CHN,JPN,31,2.734672
EU,JPN,31,127.5495758056641
IND,JPN,31,.297771
JPN,JPN,31,12549.470904
ROW,JPN,31,411.1810607910156
USA,JPN,31,243.892801
BRA,ROW,31,10.79212474822998
CHN,ROW,31,35.63520812988281
EU,ROW,31,2552.3798828125
IND,ROW,31,20.30639266967773
JPN,ROW,31,262.7969970703125
ROW,ROW,31,86713.0859375
USA,ROW,31,5218.58642578125
BRA,USA,31,4.863337
CHN,USA,31,8.213723
EU,USA,31,407.5628356933594
IND,USA,31,9.289697
JPN,USA,31,46.167717
ROW,USA,31,792.9462280273438
USA,USA,31,138366.926829
BRA,BRA,32,87417.0463
CHN,BRA,32,39.822347
EU,BRA,32,1602.973510742188
IND,BRA,32,150.909289
JPN,BRA,32,78.020321
ROW,BRA,32,1407.585815429688
USA,BRA,32,2196.939081
BRA,CHN,32,289.857318
CHN,CHN,32,521678.837406
EU,CHN,32,7385.1767578125
IND,CHN,32,1798.775854
JPN,CHN,32,7787.74974
ROW,CHN,32,44393.171875
USA,CHN,32,11717.400699
BRA,EU,32,240.4570922851563
CHN,EU,32,786.8930053710938
EU,EU,32,790689.875
IND,EU,32,1428.126220703125
JPN,EU,32,733.125
ROW,EU,32,26018.84765625
USA,EU,32,8941.5263671875
BRA,IND,32,22.62921
CHN,IND,32,204.226182
EU,IND,32,693.4901733398438
IND,IND,32,59005.683999
JPN,IND,32,80.91404200000001
ROW,IND,32,3241.40673828125
USA,IND,32,1758.69398
BRA,JPN,32,7.997508999999999
CHN,JPN,32,389.73827
EU,JPN,32,725.4196166992188
IND,JPN,32,65.649743
JPN,JPN,32,258393.70481
ROW,JPN,32,2505.622802734375
USA,JPN,32,1895.215346
BRA,ROW,32,438.8354187011719
CHN,ROW,32,5409.74560546875
EU,ROW,32,37759.2890625
IND,ROW,32,4874.57177734375
JPN,ROW,32,4705.359375
ROW,ROW,32,917212.6875
USA,ROW,32,31975.076171875
BRA,USA,32,577.2919229999999
CHN,USA,32,1120.411183
EU,USA,32,18654.716796875
IND,USA,32,2581.671108
JPN,USA,32,2902.787941
ROW,USA,32,34276.6484375
USA,USA,32,953118.0602550001
BRA,BRA,33,17515.672227
CHN,BRA,33,28.9889
EU,BRA,33,1524.918212890625
IND,BRA,33,70.86893500000001
JPN,BRA,33,74.71047400000001
ROW,BRA,33,545.3942260742188
USA,BRA,33,2373.110262
BRA,CHN,33,66.250056
CHN,CHN,33,63473.19694
EU,CHN,33,5095.18994140625
IND,CHN,33,736.4688
JPN,CHN,33,594.653647
ROW,CHN,33,9503.40234375
USA,CHN,33,4319.394208
BRA,EU,33,713.73046875
CHN,EU,33,3546.93115234375
EU,EU,33,357242.78125
IND,EU,33,2655.313720703125
JPN,EU,33,2464.704345703125
ROW,EU,33,22064.568359375
USA,EU,33,37688.98828125
BRA,IND,33,18.213492
CHN,IND,33,290.064723
EU,IND,33,1153.504638671875
IND,IND,33,16615.531882
JPN,IND,33,84.452501
ROW,IND,33,1851.247314453125
USA,IND,33,1226.654381
BRA,JPN,33,40.399911
CHN,JPN,33,854.0984440000001
EU,JPN,33,2145.91845703125
IND,JPN,33,187.518815
JPN,JPN,33,93888.81386
ROW,JPN,33,4193.9736328125
USA,JPN,33,4215.585893
BRA,ROW,33,446.2099914550781
CHN,ROW,33,5706.138671875
EU,ROW,33,26016.912109375
IND,ROW,33,4889.42626953125
JPN,ROW,33,3548.132568359375
ROW,ROW,33,291483.1875
USA,ROW,33,30117.078125
BRA,USA,33,268.370335
CHN,USA,33,1156.848358
EU,USA,33,10706.6904296875
IND,USA,33,1367.145882
JPN,USA,33,2207.82369
ROW,USA,33,8042.544921875
USA,USA,33,628227.9611389999
BRA,BRA,34,51144.241904
CHN,BRA,34,8.541043999999999
EU,BRA,34,306.1316528320313
IND,BRA,34,15.575611
JPN,BRA,34,9.515789000000002
ROW,BRA,34,225.2415924072266
USA,BRA,34,362.741744
BRA,CHN,34,13.174466
CHN,CHN,34,229559.36695
EU,CHN,34,717.454833984375
IND,CHN,34,108.963426
JPN,CHN,34,175.092535
ROW,CHN,34,4709.109375
USA,CHN,34,1056.031857
BRA,EU,34,274.833251953125
CHN,EU,34,794.0477294921875
EU,EU,34,390591.9375
IND,EU,34,921.2033081054688
JPN,EU,34,1039.642822265625
ROW,EU,34,16851.70703125
USA,EU,34,7947.87451171875
BRA,IND,34,1.763424
CHN,IND,34,49.471321
EU,IND,34,296.9982299804688
IND,IND,34,56877.92642500001
JPN,IND,34,20.01199699999999
ROW,IND,34,637.5108642578125
USA,IND,34,229.006373
BRA,JPN,34,4.119788000000001
CHN,JPN,34,305.640571
EU,JPN,34,575.409912109375
IND,JPN,34,16.906093
JPN,JPN,34,171420.517078
ROW,JPN,34,1870.273071289063
USA,JPN,34,714.5089360000001
BRA,ROW,34,117.9046249389648
CHN,ROW,34,2478.25830078125
EU,ROW,34,15154.662109375
IND,ROW,34,1459.4794921875
JPN,ROW,34,2942.923583984375
ROW,ROW,34,636878.4375
USA,ROW,34,10954.169921875
BRA,USA,34,37.924515
CHN,USA,34,195.710933
EU,USA,34,1698.131225585938
IND,USA,34,194.126555
JPN,USA,34,94.66822200000001
ROW,USA,34,3214.03662109375
USA,USA,34,600112.5697639999
BRA,BRA,35,45019.267612
CHN,BRA,35,253.413525
EU,BRA,35,4151.63720703125
IND,BRA,35,1215.977114
JPN,BRA,35,51.12891800000001
ROW,BRA,35,2077.116455078125
USA,BRA,35,2779.207766
BRA,CHN,35,153.998773
CHN,CHN,35,273404.820804
EU,CHN,35,7287.1796875
IND,CHN,35,9125.479529
JPN,CHN,35,813.9785429999998
ROW,CHN,35,12282.5869140625
USA,CHN,35,2665.317818999999
BRA,EU,35,378.4915771484375
CHN,EU,35,7342.662109375
EU,EU,35,704341.3125
IND,EU,35,17544.5859375
JPN,EU,35,874.826904296875
ROW,EU,35,31759.55078125
USA,EU,35,16530.708984375
BRA,IND,35,30.944957
CHN,IND,35,1679.685078
EU,IND,35,3058.92822265625
IND,IND,35,57873.436282
JPN,IND,35,73.88948600000001
ROW,IND,35,4292.86962890625
USA,IND,35,1050.361781
BRA,JPN,35,1.980577000000001
CHN,JPN,35,6718.869235
EU,JPN,35,4753.1748046875
IND,JPN,35,2054.951532
JPN,JPN,35,175093.296369
ROW,JPN,35,5966.74658203125
USA,JPN,35,3409.139322
BRA,ROW,35,259.0871276855469
CHN,ROW,35,12475.431640625
EU,ROW,35,46961.94921875
IND,ROW,35,31493.83203125
JPN,ROW,35,1759.604614257813
ROW,ROW,35,354628.3125
USA,ROW,35,17121.7265625
BRA,USA,35,780.4931260000002
CHN,USA,35,4059.847207
EU,USA,35,11109.0615234375
IND,USA,35,31763.222628
JPN,USA,35,921.050463
ROW,USA,35,16931.080078125
USA,USA,35,747797.0239799999
BRA,BRA,36,200631.004952
CHN,BRA,36,22.112656
EU,BRA,36,1325.260864257813
IND,BRA,36,38.584366
JPN,BRA,36,29.684886
ROW,BRA,36,741.7420654296875
USA,BRA,36,3185.151763
BRA,CHN,36,69.587188
CHN,CHN,36,1033658.802063
EU,CHN,36,2600.53271484375
IND,CHN,36,302.748934
JPN,CHN,36,225.439449
ROW,CHN,36,12642.6748046875
USA,CHN,36,7175.582799
BRA,EU,36,747.5343627929688
CHN,EU,36,1612.010131835938
EU,EU,36,1546769.75
IND,EU,36,1652.198364257813
JPN,EU,36,4926.8232421875
ROW,EU,36,65257.47265625
USA,EU,36,66757.1796875
BRA,IND,36,31.817188
CHN,IND,36,389.0454359999999
EU,IND,36,4348.76025390625
IND,IND,36,182035.380886
JPN,IND,36,372.5656860000001
ROW,IND,36,7577.41064453125
USA,IND,36,3835.266452
BRA,JPN,36,62.27537099999999
CHN,JPN,36,328.640182
EU,JPN,36,5154.34130859375
IND,JPN,36,188.583981
JPN,JPN,36,283247.599502
ROW,JPN,36,5532.763671875
USA,JPN,36,8398.162182
BRA,ROW,36,559.767578125
CHN,ROW,36,4980.271484375
EU,ROW,36,73885.6953125
IND,ROW,36,5565.50732421875
JPN,ROW,36,5207.28759765625
ROW,ROW,36,1695962.75
USA,ROW,36,64566.23828125
BRA,USA,36,1092.757408
CHN,USA,36,2349.643461
EU,USA,36,56229.85546875
IND,USA,36,2433.208492
JPN,USA,36,4025.975829000001
ROW,USA,36,41583.5234375
USA,USA,36,2669749.895309
BRA,BRA,37,193042.87852
CHN,BRA,37,29.885301
EU,BRA,37,598.1201171875
IND,BRA,37,45.068697
JPN,BRA,37,68.12652399999999
ROW,BRA,37,521.8927001953125
USA,BRA,37,823.2965459999999
BRA,CHN,37,101.078744
CHN,CHN,37,965558.9139350001
EU,CHN,37,2455.315185546875
IND,CHN,37,269.438358
JPN,CHN,37,494.977657
ROW,CHN,37,8695.91015625
USA,CHN,37,1645.694301
BRA,EU,37,233.4328765869141
CHN,EU,37,565.0758666992188
EU,EU,37,2267347
IND,EU,37,418.6375732421875
JPN,EU,37,448.0208740234375
ROW,EU,37,7944.8076171875
USA,EU,37,2902.072021484375
BRA,IND,37,10.059802
CHN,IND,37,100.861443
EU,IND,37,282.069091796875
IND,IND,37,200943.12107
JPN,IND,37,26.660958
ROW,IND,37,1062.79638671875
USA,IND,37,393.12465
BRA,JPN,37,13.8233
CHN,JPN,37,211.466134
EU,JPN,37,242.2572937011719
IND,JPN,37,22.974222
JPN,JPN,37,669404.706718
ROW,JPN,37,1014.308410644531
USA,JPN,37,488.259395
BRA,ROW,37,391.9541625976563
CHN,ROW,37,2829.727783203125
EU,ROW,37,10044.4453125
IND,ROW,37,1432.115966796875
JPN,ROW,37,959.6094360351563
ROW,ROW,37,2100916
USA,ROW,37,9107.1865234375
BRA,USA,37,368.393965
CHN,USA,37,766.3672610000001
EU,USA,37,4152.666015625
IND,USA,37,636.2205929999999
JPN,USA,37,392.816856
ROW,USA,37,8523.3662109375
USA,USA,37,3378044.43166
BRA,BRA,38,105426.448433
CHN,BRA,38,129.194549
EU,BRA,38,4509.744140625
IND,BRA,38,66.43789400000001
JPN,BRA,38,79.07312300000004
ROW,BRA,38,1798.97314453125
USA,BRA,38,3218.430744
BRA,CHN,38,251.7038980000001
CHN,CHN,38,580621.2070800001
EU,CHN,38,10336.5537109375
IND,CHN,38,676.2163839999998
JPN,CHN,38,442.0597200000001
ROW,CHN,38,10347.49609375
USA,CHN,38,8236.901805000001
BRA,EU,38,3069.877685546875
CHN,EU,38,6758.04248046875
EU,EU,38,1826061
IND,EU,38,4416.3955078125
JPN,EU,38,2403.260986328125
ROW,EU,38,38743.77734375
USA,EU,38,57522.3359375
BRA,IND,38,99.07430299999997
CHN,IND,38,835.7325239999999
EU,IND,38,2910.922119140625
IND,IND,38,4933.355526
JPN,IND,38,98.59338099999999
ROW,IND,38,3485.77783203125
USA,IND,38,2467.018302999999
BRA,JPN,38,406.9516330000001
CHN,JPN,38,3922.713466
EU,JPN,38,8168.37060546875
IND,JPN,38,540.911525
JPN,JPN,38,327509.047212
ROW,JPN,38,11008.1806640625
USA,JPN,38,14495.84405
BRA,ROW,38,2018.661376953125
CHN,ROW,38,15501.13671875
EU,ROW,38,65192.65625
IND,ROW,38,6811.72802734375
JPN,ROW,38,4254.46728515625
ROW,ROW,38,1177316.875
USA,ROW,38,55323.76171875
BRA,USA,38,4385.372175
CHN,USA,38,5512.717759
EU,USA,38,50134.1171875
IND,USA,38,4768.278186
JPN,USA,38,2426.251545
ROW,USA,38,30421.0625
USA,USA,38,2212749.145472
BRA,BRA,39,99182.49432400001
CHN,BRA,39,58.08873
EU,BRA,39,6415.572265625
IND,BRA,39,265.2501239999999
JPN,BRA,39,359.1162219999999
ROW,BRA,39,1289.99951171875
USA,BRA,39,1130.997854
BRA,CHN,39,124.745871
CHN,CHN,39,771846.6852280001
EU,CHN,39,8220.8525390625
IND,CHN,39,536.766527
JPN,CHN,39,3093.530005
ROW,CHN,39,9986.46875
USA,CHN,39,3201.649509
BRA,EU,39,1723.708862304688
CHN,EU,39,3815.58740234375
EU,EU,39,1214829
IND,EU,39,4418.291015625
JPN,EU,39,14710.896484375
ROW,EU,39,32496.126953125
USA,EU,39,34186.65234375
BRA,IND,39,54.88690099999999
CHN,IND,39,529.4581790000001
EU,IND,39,3371.897216796875
IND,IND,39,156242.936851
JPN,IND,39,498.6843039999999
ROW,IND,39,3254.98388671875
USA,IND,39,769.0020420000001
BRA,JPN,39,129.55588
CHN,JPN,39,1744.474496
EU,JPN,39,4955.23828125
IND,JPN,39,483.4842840000001
JPN,JPN,39,192058.344688
ROW,JPN,39,8978.2998046875
USA,JPN,39,4645.975181999999
BRA,ROW,39,893.6361083984375
CHN,ROW,39,8232.0556640625
EU,ROW,39,44430.0859375
IND,ROW,39,5447.419921875
JPN,ROW,39,18939.794921875
ROW,ROW,39,753629
USA,ROW,39,19046.685546875
BRA,USA,39,298.72709
CHN,USA,39,768.158253
EU,USA,39,5736.83154296875
IND,USA,39,697.823228
JPN,USA,39,3326.245356
ROW,USA,39,5845.41162109375
USA,USA,39,1184481.75587
BRA,BRA,40,253731.167783
CHN,BRA,40,.01
EU,BRA,40,121.2436065673828
IND,BRA,40,.01
JPN,BRA,40,.060701
ROW,BRA,40,198.31396484375
USA,BRA,40,332.607988
BRA,CHN,40,113.79179
CHN,CHN,40,773181.0919489999
EU,CHN,40,331.5730590820313
IND,CHN,40,.01
JPN,CHN,40,.305512
ROW,CHN,40,1578.078491210938
USA,CHN,40,1036.774893
BRA,EU,40,201.3901977539063
CHN,EU,40,.01
EU,EU,40,1432730.375
IND,EU,40,.01
JPN,EU,40,1.571248054504395
ROW,EU,40,3881.76708984375
USA,EU,40,3558.375732421875
BRA,IND,40,12.315135
CHN,IND,40,.01
EU,IND,40,95.74809265136719
IND,IND,40,198426.077403
JPN,IND,40,.06048
ROW,IND,40,281.1701354980469
USA,IND,40,196.036461
BRA,JPN,40,23.839925
CHN,JPN,40,.01
EU,JPN,40,148.0506439208984
IND,JPN,40,.01
JPN,JPN,40,333303.509321
ROW,JPN,40,476.7614440917969
USA,JPN,40,902.057567
BRA,ROW,40,301.5526428222656
CHN,ROW,40,.01
EU,ROW,40,2465.879150390625
IND,ROW,40,.01
JPN,ROW,40,2.140983104705811
ROW,ROW,40,2000361
USA,ROW,40,5600.333984375
BRA,USA,40,201.154528
CHN,USA,40,.01
EU,USA,40,796.8993530273438
IND,USA,40,.01
JPN,USA,40,.5157539999999999
ROW,USA,40,2439.76708984375
USA,USA,40,2682293.617246
BRA,BRA,41,147197.829696
CHN,BRA,41,.118732
EU,BRA,41,88.6715087890625
IND,BRA,41,.6744790000000001
JPN,BRA,41,10.519939
ROW,BRA,41,42.14373779296875
USA,BRA,41,391.5025129999999
BRA,CHN,41,52.93011
CHN,CHN,41,511380.179709
EU,CHN,41,4830.58740234375
IND,CHN,41,301.469233
JPN,CHN,41,178.568483
ROW,CHN,41,15641.5751953125
USA,CHN,41,16402.737353
BRA,EU,41,31.21620941162109
CHN,EU,41,22.96662330627441
EU,EU,41,971565.6875
IND,EU,41,64.65908813476563
JPN,EU,41,259.2931213378906
ROW,EU,41,2796.263916015625
USA,EU,41,7328.7421875
BRA,IND,41,2.309493
CHN,IND,41,10.996061
EU,IND,41,428.7457580566406
IND,IND,41,124656.337402
JPN,IND,41,11.219917
ROW,IND,41,681.7853393554688
USA,IND,41,1304.316757
BRA,JPN,41,3.993721
CHN,JPN,41,7.35003
EU,JPN,41,441.11767578125
IND,JPN,41,1.84542
JPN,JPN,41,192663.828329
ROW,JPN,41,286.1891174316406
USA,JPN,41,1364.703815
BRA,ROW,41,31.14018249511719
CHN,ROW,41,149.5922546386719
EU,ROW,41,5820.18212890625
IND,ROW,41,155.1629028320313
JPN,ROW,41,382.6979064941406
ROW,ROW,41,1163068.25
USA,ROW,41,12519.6376953125
BRA,USA,41,58.540885
CHN,USA,41,22.43898
EU,USA,41,4322.79443359375
IND,USA,41,76.869974
JPN,USA,41,92.91650300000001
ROW,USA,41,5168.14892578125
USA,USA,41,1359846.533413
BRA,BRA,42,143339.528757
CHN,BRA,42,3.894726
EU,BRA,42,103.1556701660156
IND,BRA,42,6.593007
JPN,BRA,42,8.232509999999998
ROW,BRA,42,101.9695205688477
USA,BRA,42,158.462794
BRA,CHN,42,18.799307
CHN,CHN,42,407861.894008
EU,CHN,42,396.9029235839844
IND,CHN,42,59.082068
JPN,CHN,42,104.946069
ROW,CHN,42,2993.311279296875
USA,CHN,42,592.220295
BRA,EU,42,30.43655204772949
CHN,EU,42,75.45103454589844
EU,EU,42,1738490.875
IND,EU,42,62.3317985534668
JPN,EU,42,182.5447235107422
ROW,EU,42,2123.8525390625
USA,EU,42,1413.498168945313
BRA,IND,42,2.203373
CHN,IND,42,15.488923
EU,IND,42,76.17009735107422
IND,IND,42,66510.608614
JPN,IND,42,14.995907
ROW,IND,42,228.5236968994141
USA,IND,42,106.308829
BRA,JPN,42,3.142183
CHN,JPN,42,27.51654
EU,JPN,42,155.69775390625
IND,JPN,42,2.062437
JPN,JPN,42,531280.0775499999
ROW,JPN,42,251.1329193115234
USA,JPN,42,263.350068
BRA,ROW,42,56.5185661315918
CHN,ROW,42,400.8385925292969
EU,ROW,42,2628.718017578125
IND,ROW,42,168.4367980957031
JPN,ROW,42,355.8653869628906
ROW,ROW,42,1309280
USA,ROW,42,2377.689453125
BRA,USA,42,58.14488600000001
CHN,USA,42,115.296697
EU,USA,42,1400.7080078125
IND,USA,42,117.763134
JPN,USA,42,83.14309
ROW,USA,42,2301.645751953125
USA,USA,42,2401287.612827
BRA,BRA,43,11844.658868
CHN,BRA,43,23.387311
EU,BRA,43,450.4261169433594
IND,BRA,43,18.584273
JPN,BRA,43,6.346256
ROW,BRA,43,593.91259765625
USA,BRA,43,393.120293
BRA,CHN,43,53.049943
CHN,CHN,43,126010.279468
EU,CHN,43,5011.611328125
IND,CHN,43,177.252217
JPN,CHN,43,257.676633
ROW,CHN,43,9986.7744140625
USA,CHN,43,1442.611039
BRA,EU,43,176.7597351074219
CHN,EU,43,814.9954223632813
EU,EU,43,380513.9375
IND,EU,43,168.0180358886719
JPN,EU,43,91.45220947265625
ROW,EU,43,8153.97705078125
USA,EU,43,1971.016357421875
BRA,IND,43,6.809291
CHN,IND,43,123.779892
EU,IND,43,274.8952331542969
IND,IND,43,11694.980008
JPN,IND,43,5.350441000000001
ROW,IND,43,760.5437622070313
USA,IND,43,220.483972
BRA,JPN,43,2.745268
CHN,JPN,43,113.022639
EU,JPN,43,256.7306518554688
IND,JPN,43,6.567244
JPN,JPN,43,73548.49090799999
ROW,JPN,43,585.6553955078125
USA,JPN,43,261.834518
BRA,ROW,43,184.2368621826172
CHN,ROW,43,2589.320068359375
EU,ROW,43,12454.595703125
IND,ROW,43,513.8519897460938
JPN,ROW,43,264.6044311523438
ROW,ROW,43,280358.40625
USA,ROW,43,4944.29443359375
BRA,USA,43,53.331764
CHN,USA,43,240.811836
EU,USA,43,2228.430419921875
IND,USA,43,239.198612
JPN,USA,43,99.87231300000001
ROW,USA,43,4311.75537109375
USA,USA,43,317526.676961
BRA,BRA,44,47640.05476
CHN,BRA,44,5.281941
EU,BRA,44,101.7919921875
IND,BRA,44,9.002369
JPN,BRA,44,2.227305
ROW,BRA,44,147.8861236572266
USA,BRA,44,171.019361
BRA,CHN,44,14.620279
CHN,CHN,44,279168.965137
EU,CHN,44,388.880126953125
IND,CHN,44,78.55987500000001
JPN,CHN,44,56.50999699999999
ROW,CHN,44,4116.79736328125
USA,CHN,44,663.8027979999999
BRA,EU,44,16.25755119323731
CHN,EU,44,103.2338256835938
EU,EU,44,397913.96875
IND,EU,44,85.20017242431641
JPN,EU,44,48.02361297607422
ROW,EU,44,2613.384033203125
USA,EU,44,760.283203125
BRA,IND,44,1.231526
CHN,IND,44,19.867297
EU,IND,44,58.49131393432617
IND,IND,44,70392.762538
JPN,IND,44,3.749009000000001
ROW,IND,44,350.4148559570313
USA,IND,44,104.22508
BRA,JPN,44,.5414640000000001
CHN,JPN,44,33.099377
EU,JPN,44,90.83985900878906
IND,JPN,44,2.495211
JPN,JPN,44,106897.86323
ROW,JPN,44,359.4270935058594
USA,JPN,44,115.23734
BRA,ROW,44,34.13933944702148
CHN,ROW,44,509.3660278320313
EU,ROW,44,2343.306884765625
IND,ROW,44,216.8440093994141
JPN,ROW,44,109.0745620727539
ROW,ROW,44,454952.03125
USA,ROW,44,2206.63818359375
BRA,USA,44,38.931319
CHN,USA,44,159.803317
EU,USA,44,1181.722045898438
IND,USA,44,164.211382
JPN,USA,44,33.78771500000001
ROW,USA,44,3040.884765625
USA,USA,44,483687.008664
